{
    "final_validation_loss": 4.969256056540924,
    "final_validation_perplexity": 143.91977935622225
}